{
  "nameShort": "VSCodium",
  "nameLong": "VSCodium",
  "applicationName": "codium",
  "dataFolderName": ".vscode-oss",
  "win32MutexName": "vscodium",
  "licenseName": "MIT",
  "licenseUrl": "https://github.com/Microsoft/vscode/blob/master/LICENSE.txt",
  "win32DirName": "VSCodium",
  "win32NameVersion": "VSCodium",
  "win32RegValueName": "VSCodium",
  "win32AppId": "{{E34003BB-9E10-4501-8C11-BE3FAA83F23F}",
  "win32x64AppId": "{{D77B7E06-80BA-4137-BCF4-654B95CCEBC5}",
  "win32UserAppId": "{{C6065F05-9603-4FC4-8101-B9781A25D88E}",
  "win32x64UserAppId": "{{2E1F05D1-C245-4562-81EE-28188DB6FD17}",
  "win32AppUserModelId": "Microsoft.VSCodium",
  "win32ShellNameShort": "V&SCodium",
  "darwinBundleIdentifier": "com.visualstudio.code.oss",
  "linuxIconName": "vscodium",
  "licenseFileName": "LICENSE.txt",
  "reportIssueUrl": "https://github.com/Microsoft/vscode/issues/new",
  "urlProtocol": "vscodium",
  "extensionAllowedProposedApi": ["ms-vscode.references-view", "ms-vsliveshare.vsliveshare"],
  "tipsAndTricksUrl": "https://go.microsoft.com/fwlink/?linkid=852118",
  "twitterUrl": "https://go.microsoft.com/fwlink/?LinkID=533687",
  "requestFeatureUrl": "https://go.microsoft.com/fwlink/?LinkID=533482",
  "documentationUrl": "https://go.microsoft.com/fwlink/?LinkID=533484#vscode",
  "introductoryVideosUrl": "https://go.microsoft.com/fwlink/?linkid=832146",
  "extensionAllowedBadgeProviders": ["api.bintray.com", "api.travis-ci.com", "api.travis-ci.org", "app.fossa.io", "badge.fury.io", "badge.waffle.io", "badgen.net", "badges.frapsoft.com", "badges.gitter.im", "badges.greenkeeper.io", "cdn.travis-ci.com", "cdn.travis-ci.org", "ci.appveyor.com", "circleci.com", "cla.opensource.microsoft.com", "codacy.com", "codeclimate.com", "codecov.io", "coveralls.io", "david-dm.org", "deepscan.io", "dev.azure.com", "flat.badgen.net", "gemnasium.com", "githost.io", "gitlab.com", "godoc.org", "goreportcard.com", "img.shields.io", "isitmaintained.com", "marketplace.visualstudio.com", "nodesecurity.io", "opencollective.com", "snyk.io", "travis-ci.com", "travis-ci.org", "visualstudio.com", "vsmarketplacebadge.apphb.com", "www.bithound.io", "www.versioneye.com"],
  "updateUrl": "https://vscodium.now.sh",
  "releaseNotesUrl": "https://go.microsoft.com/fwlink/?LinkID=533483#vscode",
  "keyboardShortcutsUrlMac": "https://go.microsoft.com/fwlink/?linkid=832143",
  "keyboardShortcutsUrlLinux": "https://go.microsoft.com/fwlink/?linkid=832144",
  "keyboardShortcutsUrlWin": "https://go.microsoft.com/fwlink/?linkid=832145",
  "quality": "stable",
  "extensionsGallery": {
    "serviceUrl": "https://marketplace.visualstudio.com/_apis/public/gallery",
    "cacheUrl": "https://vscode.blob.core.windows.net/gallery/index",
    "itemUrl": "https://marketplace.visualstudio.com/items"
  },
  "commit": "2213894ea0415ee8c85c5eea0d0ff81ecc191529",
  "date": "2019-07-09T19:22:39.799Z",
  "checksums": {
    "vs/workbench/workbench.main.js": "4J9Z/c9Qbnm0Bc7rGrLhSQ",
    "vs/workbench/workbench.main.css": "r6KICwSQGvCNK2yG1bSq7A",
    "vs/code/electron-browser/workbench/workbench.html": "11dqox2lEU1323gr8Bp89w",
    "vs/code/electron-browser/workbench/workbench.js": "WmcKGrw2DOpia2CwFDZZgQ"
  },
  "settingsSearchBuildId": 1360100507441
}